{"ok": true, "frozen": true, "total_burned": 34694.089821058886, "total_gbx": 34694.089821058886, "all_time_gbx": 34694.089821058886, "all_time_count": 207, "burns_24h_gbx": 32339.66379041, "burns_24h_count": 1, "burns_7d_gbx": 32339.66379041, "last_burn": {"amount_gbx": 32339.66379041, "ts": 1784198583, "tx_hash": "c9d87e34f40d56046cb503b38a9c5c0c0b0bb9eefa74bd08c949cdd291cb643e", "source": "migration-burn"}, "burn_count": 207}